 {
     "name": "roboport-wagon",
     "version": "0.1.0",
     "title": "Roboport wagon",
     "author": "Compilatron \"jbox1\"",
     "factorio_version": "0.17",
     "dependencies": ["base >= 0.17.36"],
     "description": "Adds in a mobile roboport wagon, which is powered by an onboard burner. It can be used to run routine repairs at outposts, to automatically shuttle resources and build structures in remote locations, or perform other such tasks where a normal stationary roboport just won't cut it."
 }